question,answer,gold_documents,paraphrased_question,noisy_query
Which magazine was started first Arthur's Magazine or First for Women?,Arthur's Magazine,"[Arthur's Magazine] Arthur's Magazine (1844–1846) was an American literary periodical published in Philadelphia in the 19th century.  Edited by T.S. Arthur, it featured work by Edgar A. Poe, J.H. Ingraham, Sarah Josepha Hale, Thomas G. Spear, and others.  In May 1846 it was merged into ""Godey's Lady's Book"".

[First for Women] First for Women is a woman's magazine published by Bauer Media Group in the USA.  The magazine was started in 1989.  It is based in Englewood Cliffs, New Jersey.  In 2011 the circulation of the magazine was 1,310,696 copies.",What magazine did Arthur's Magazine or First for Women start first?,wich magasine starte 1st arthurs magasin or 1st 4 womin?
The Oberoi family is part of a hotel company that has a head office in what city?,Delhi,"[Oberoi family] The Oberoi family is an Indian family that is famous for its involvement in hotels, namely through The Oberoi Group.

[The Oberoi Group] The Oberoi Group is a hotel company with its head office in Delhi.  Founded in 1934, the company owns and/or operates 30+ luxury hotels and two river cruise ships in six countries, primarily under its Oberoi Hotels & Resorts and Trident Hotels brands.",Where is the head office of the hotel company associated with the Oberoi family?,th oberoi familee iz part of a hotel co. thas got a hed office in wot citi?
What nationality was James Henry Miller's wife?,American,"[Ewan MacColl] James Henry Miller (25 January 1915 – 22 October 1989), better known by his stage name Ewan MacColl, was an English folk singer, songwriter, communist, labour activist, actor, poet, playwright and record producer.

[Peggy Seeger] Margaret ""Peggy"" Seeger (born June 17, 1935) is an American folksinger.  She is also well known in Britain, where she has lived for more than 30 years, and was married to the singer and songwriter Ewan MacColl until his death in 1989.",What was the nationality of James Henry Miller's spouse?,wot nashnalitee wuz james henry millerz wifes?
"Cadmium Chloride is slightly soluble in this chemical, it is also called what?",alcohol,"[Cadmium chloride] Cadmium chloride is a white crystalline compound of cadmium and chlorine, with the formula CdCl.  It is a hygroscopic solid that is highly soluble in water and slightly soluble in alcohol.  Although it is considered to be ionic, it has considerable covalent character to its bonding.  The crystal structure of cadmium chloride (described below), composed of two-dimensional layers of ions, is a reference for describing other crystal structures.  Also known are CdCl•HO and CdCl•5HO.

[Ethanol] Ethanol, also called alcohol, ethyl alcohol, and drinking alcohol, is a compound and simple alcohol with the chemical formula C2H5OH .  Its formula can be written also as CH3 −CH2 −OH or C2H5 −OH (an ethyl group linked to a hydroxyl group), and is often abbreviated as EtOH.  Ethanol is a volatile, flammable, colorless liquid with a slight characteristic odor.  It is used as a drug and is the principal type of alcohol found in alcoholic drinks.",What is the other name for a chemical that Cadmium Chloride is slightly soluble in?,wut's the other name 4 a chemical dat cadmium chloride is slightly soluble in?
"Which tennis player won more Grand Slam titles, Henri Leconte or Jonathan Stark?",Jonathan Stark,"[Henri Leconte] Henri Leconte (born 4 July 1963) is a former French professional tennis player.  He reached the men's singles final at the French Open in 1988, won the French Open men's doubles title in 1984, and helped France win the Davis Cup in 1991.  Leconte's career-high singles ranking was world No. 5.

[Jonathan Stark (tennis)] Jonathan Stark (born April 3, 1971) is a former professional tennis player from the United States.  During his career he won two Grand Slam doubles titles (the 1994 French Open Men's Doubles and the 1995 Wimbledon Championships Mixed Doubles).  Stark reached the World No. 1 doubles ranking in 1994.",How many Grand Slam titles did Henri Leconte and Jonathan Stark each win?,wich tennis player won moar grand slam tittles henri leconte or jonathan stark?
Which genus of moth in the world's seventh-largest country contains only one species?,Crambidae,"[India] India, officially the Republic of India (""Bhārat Gaṇarājya""), is a country in South Asia.  It is the seventh-largest country by area, the second-most populous country (with over 1.2 billion people), and the most populous democracy in the world.  It is bounded by the Indian Ocean on the south, the Arabian Sea on the southwest, and the Bay of Bengal on the southeast.  It shares land borders with Pakistan to the west; China, Nepal, and Bhutan to the northeast; and Myanmar (Burma) and Bangladesh to the east.  In the Indian Ocean, India is in the vicinity of Sri Lanka and the Maldives.  India's Andaman and Nicobar Islands share a maritime border with Thailand and Indonesia.

[Indogrammodes] Indogrammodes is a genus of moths of the Crambidae family.  It contains only one species, Indogrammodes pectinicornalis, which is found in India.",What moth genus has only one species in the world's seventh-largest country?,wich genus of moths in the 7th largist country got only 1 speciez?
What is the length of the track where the 2013 Liqui Moly Bathurst 12 Hour was staged?,6.213 km long,"[Mount Panorama Circuit] Mount Panorama Circuit is a motor racing track located in Bathurst, New South Wales, Australia.  It is situated on a hill with the dual official names of Mount Panorama and Wahluu and is best known as the home of the Bathurst 1000 motor race held each October, and the Bathurst 12 Hour event held each February.  The 6.213 km long track is technically a street circuit, and is a public road, with normal speed restrictions, when no racing events are being run, and there are many residences which can only be accessed from the circuit.

[2013 Liqui Moly Bathurst 12 Hour] The 2013 Liqui Moly Bathurst 12 Hour was an endurance race for a variety of GT and touring car classes, including: GT3 cars, GT4 cars, Group 3E Series Production Cars and Dubai 24 Hour cars.  The event, which was staged at the Mount Panorama Circuit, near Bathurst, in New South Wales, Australia on 10 February 2013, was the eleventh running of the Bathurst 12 Hour.  The race also incorporated the opening round of the 2013 Australian GT Championship.  The Australian GT Championship was to compete as the first hour only and cars were permitted to enter for only that hour or to cross-enter for both the first hour and continue for the endurance race.",What is the length of the track where the 2013 Liqui Moly Bathurst 12 Hour took place?,whats th lenghth of th track wut 2013 liqui moly bathurst 12 hr
Where did the form of music played by Die Rhöner Säuwäntzt originate?,United States,"[Skiffle] Skiffle is a music genre with jazz, blues, folk and American folk influences, usually using a combination of manufactured and homemade or improvised instruments.  Originating as a term in the United States in the first half of the 20th century, it became popular again in the UK in the 1950s, where it was associated with artists such as Lonnie Donegan, The Vipers Skiffle Group, Ken Colyer and Chas McDevitt.  Skiffle played a major part in beginning the careers of later eminent jazz, pop, blues, folk and rock musicians and has been seen as a critical stepping stone to the second British folk revival, blues boom and British Invasion of the US popular music scene.

[Die Rhöner Säuwäntzt] Die Rhöner Säuwäntzt are a Skiffle-Bluesband from Eichenzell-Lütter in Hessen, Germany.  The line-up consists of Martin Caba, Christoph Günther and Christoph Leipold playing Skiffle-Blues with lyrics based on Rhön Mountains dialect and other Hessian dialects varieties.  The expression ""Säuwäntzt"" means pork belly and refers also to untidy or unruly children and youth.",From which region did Die Rhöner Säuwäntzt's music originate?,Where 4 die röner säuwäntzt music 8 originated?
In which American football game was Malcolm Smith named Most Valuable player?,Super Bowl XLVIII,"[Malcolm Smith (American football)] Malcolm Xavier Smith (born July 5, 1989) is an American football linebacker for the San Francisco 49ers of the National Football League (NFL).  Smith played college football at USC.  He was drafted by the Seattle Seahawks in the seventh round of the 2011 NFL Draft.  Smith was named the Most Valuable Player of Super Bowl XLVIII after they defeated the Denver Broncos.

[Super Bowl XLVIII] Super Bowl XLVIII was an American football game between the American Football Conference (AFC) champion Denver Broncos and National Football Conference (NFC) champion Seattle Seahawks to decide the National Football League (NFL) champion for the 2013 season.  The Seahawks defeated the Broncos 43–8, the largest margin of victory for an underdog and tied for the third largest point differential overall (35) in Super Bowl history with Super Bowl XXVII (1993).  It was the first time the winning team scored over 40 points, while holding their opponent to under 10.  This became the first Super Bowl victory for the Seahawks and the fifth Super Bowl loss for the Broncos, the most of any team.  The game was played on February 2, 2014, at MetLife Stadium at the Meadowlands Sports Complex in East Rutherford, New Jersey, the first Super Bowl played outdoors in a cold-weather city and the first Super Bowl to be played on a February 2.",What American football game awarded Malcolm Smith the title of Most Valuable Player?,wch american foot ball game was malcom smith namd mos valuble player?
"What U.S Highway gives access to Zilpo Road, and is also known as Midland Trail?",US 60,"[Zilpo Road] Zilpo Road is a National Forest Scenic Byway in the forested hills of eastern Kentucky, United States.  The nine mile byway starts south of Morehead, Kentucky and can be accessed by U.S. Highway 60.  The byway travels through the Daniel Boone National Forest and ends on the western shore of Cave Run Lake at the Zilpo Recreation Area.  It follows FSR 918, which is a two lane paved road suitable for all motor vehicles and is usually open throughout the year.

[Morehead, Kentucky] Morehead is a home rule-class city located along US 60 (the historic Midland Trail) and Interstate 64 in Rowan County, Kentucky, in the United States.  It is the seat of its county.  The population was 6,845 at the time of the 2010 U.S. census.",Which US highway provides access to Zilpo Road and is also called Midland Trail?,wut us highway gives acsses 2 zilpo road an is als knwn as mident trail?
"The 1988 American comedy film, The Great Outdoors, starred a four-time Academy Award nominee, who received a star on the Hollywood Walk of Fame in what year?",2006,"[Annette Bening] Annette Carol Bening (born May 29, 1958) is an American actress.  She began her career on stage with the Colorado Shakespeare Festival company in 1980, and played Lady Macbeth in 1984 at the American Conservatory Theatre.  She was nominated for the 1987 Tony Award for Best Featured Actress in a Play for her Broadway debut in ""Coastal Disturbances"".  She is a four-time Academy Award nominee; for ""The Grifters"" (1990), ""American Beauty"" (1999), ""Being Julia"" (2004) and ""The Kids Are All Right"" (2010).  In 2006, she received a star on the Hollywood Walk of Fame.

[The Great Outdoors (film)] The Great Outdoors is a 1988 American comedy film directed by Howard Deutch, and written and produced by John Hughes.  It stars Dan Aykroyd, John Candy, Stephanie Faracy and Annette Bening in her film debut.",Who received a star on the Hollywood Walk of Fame for their role in the 1988 comedy film The Great Outdoors?,"th 1988 american comdi fil, the greit outdos, starde a four tim acedemy awrd nomnee, whos recevied a star on the hollywood walk of fame in wat yer?"
"Which band was founded first, Hole, the rock band that Courtney Love was a frontwoman of, or The Wolfhounds?",The Wolfhounds,"[The Wolfhounds] The Wolfhounds are an indie pop/noise pop band formed in Romford, UK in 1985 by Dave Callahan, Paul Clark, Andy Golding, Andy Bolton and Frank Stebbing, and originally active until 1990.  The band reformed in 2005 and continues to write, record and play live, releasing new albums in 2014 and 2016.

[Courtney Love] Courtney Michelle Love (born Courtney Michelle Harrison; July 9, 1964) is an American singer, songwriter, actress, and visual artist.  Prolific in the punk and grunge scenes of the 1990s, Love has enjoyed a career that spans four decades.  She rose to prominence as the frontwoman of the alternative rock band Hole, which she formed in 1989.  Love has drawn public attention for her uninhibited live performances and confrontational lyrics, as well as her highly publicized personal life following her marriage to Kurt Cobain.","Which band was founded earlier, Hole, the rock band Courtney Love was a part of, or The Wolfhounds?","wich band wuz founded 1st, Hole, th rock band tht cortney luv wuz a frontline of, or th wolphounds?"
How old is the female main protagonist of Catching Fire?,16-year-old,"[Catching Fire] Catching Fire is a 2009 science fiction young adult novel by the American novelist Suzanne Collins, the second book in ""The Hunger Games trilogy"".  As the sequel to the 2008 bestseller ""The Hunger Games"", it continues the story of Katniss Everdeen and the post-apocalyptic nation of Panem.  Following the events of the previous novel, a rebellion against the oppressive Capitol has begun, and Katniss and fellow tribute Peeta Mellark are forced to return to the arena in a special edition of the Hunger Games.

[The Hunger Games (novel)] The Hunger Games is a 2008 dystopian novel by the American writer Suzanne Collins.  It is written in the voice of 16-year-old Katniss Everdeen, who lives in the future, post-apocalyptic nation of Panem in North America.  The Capitol, a highly advanced metropolis, exercises political control over the rest of the nation.  The Hunger Games is an annual event in which one boy and one girl aged 12–18 from each of the twelve districts surrounding the Capitol are selected by lottery to compete in a televised battle to the death.",,how odl iz th femal main protaginist of cacthing fir?
Chang Ucchin was born in korea during a time that ended with the conclusion of what?,World War II,"[Korea under Japanese rule] Korea under Japanese rule began with the end of the short-lived Korean Empire in 1910 and ended at the conclusion of World War II in 1945.  Japanese rule of Korea was the outcome of a process that began with the Japan–Korea Treaty of 1876, whereby a complex coalition of the Meiji government, military, and business officials sought to integrate Korea both politically and economically into the Empire of Japan.  A major stepping-stone towards the Japanese occupation of Korea was the Japan–Korea Treaty of 1905, in which the then-Korean Empire was declared a protectorate of Japan.  The annexation of Korea by Japan was set up in the Japan–Korea Treaty of 1910, which was never actually signed by the Korean Regent, Gojong.

[Chang Ucchin] Chang Ucchin (26 November 1917 – 27 December 1990) is one of the representatives of modern Korean fine art.  Chang was born when Korea was still under Japanese colonial rule.  He studied western art at Tokyo's Imperial School of Art.  He became a professor of fine arts at Seoul National University in 1954, but resigned to paint full-time from 1960.",What was the outcome of the period when Chang Ucchin was born in Korea?,watz chang ucchin born in korea durin a tim that ended wif the conclusion of wut?
Who is the director of the 2003 film which has scenes in it filmed at the Quality Cafe in Los Angeles?,Todd Phillips,"[Old School (film)] Old School is a 2003 American comedy film released by DreamWorks Pictures and The Montecito Picture Company and directed by Todd Phillips.  The story was written by Court Crandall, and the film was written by Phillips and Scot Armstrong.  The film stars Luke Wilson, Vince Vaughn, and Will Ferrell as three depressed thirty-somethings who seek to re-live their college days by starting a fraternity, and the tribulations they encounter in doing so.  Since its release it has gained a massive cult following, since a lot of minor characters in the film went on to have huge careers such as Simon Helberg, Elisha Cuthbert, Rob Corddry and Artie Lange.

[Quality Cafe (diner)] The Quality Cafe (also known as Quality Diner) is a now-defunct diner at 1236 West 7th Street in Los Angeles, California.  The restaurant ceased to function as a diner in late 2006 but has appeared as a location featured in a number of Hollywood films, including ""Training Day"", ""Old School"", ""Se7en"", ""Ghost World"", ""Gone in 60 Seconds"", ""The Stepfather"", ""What's Love Got to Do with It"", ""Sex and Death 101"", and ""Catch Me If You Can.""  It was also featured in Season 1 of the 2007 television series ""Mad Men,"" in the episode ""5G"".",Who directed the 2003 film featuring scenes shot at the Quality Cafe in Los Angeles?,who iz teh directur of teh 2003 film wich haz scenez in it filmed at teh Quality Cafe in los angeles?
"New Faces of 1952 is a musical revue with songs and comedy skits, it helped jump start the career of which young performer, and American actress?",Carol Lawrence,"[New Faces of 1952] New Faces of 1952 is a musical revue with songs and comedy skits.  It ran on Broadway for nearly a year in 1952 and was then made into a motion picture in 1954.  It helped jump start the careers of several young performers including Paul Lynde, Alice Ghostley, Eartha Kitt, Robert Clary, Carol Lawrence, Ronny Graham, performer/writer Mel Brooks (as Melvin Brooks), and lyricist Sheldon Harnick.

[Carol Lawrence] Carol Lawrence (born September 5, 1932) is an American actress, most often associated with musical theatre, but who has also appeared extensively on television.",What young performer and American actress did the musical revue 'New Faces of 1952' launch the careers of?,"new facez of 1952 iz a musikal revey wif songz and komedi skitz, it helpt jump star the kareer of wich young perfomer, and amerikan aktris?"
Were Pavel Urysohn and Leonid Levin known for the same type of work?,no,"[Leonid Levin] Leonid Anatolievich Levin ( ; Russian: Леони́д Анато́льевич Ле́вин ; Ukrainian: Леоні́д Анато́лійович Ле́він ; born November 2, 1948) is a Soviet-American computer scientist.

[Pavel Urysohn] Pavel Samuilovich Urysohn (Па́вел Самуи́лович Урысо́н ) (February 3, 1898 – August 17, 1924) was a Soviet mathematician of Jewish origin who is best known for his contributions in dimension theory, and for developing Urysohn's Metrization Theorem and Urysohn's Lemma, both of which are fundamental results in topology.  His name is also commemorated in the terms Urysohn universal space, Fréchet–Urysohn space, Menger–Urysohn dimension and Urysohn integral equation.  He and Pavel Alexandrov formulated the modern definition of compactness in 1923.",Did Pavel Urysohn and Leonid Levin work on similar projects?,wuz pavel urysohn and leonid levin knwn 4 teh sam typ of wark?
Are both The New Pornographers and Kings of Leon American rock bands?,no,"[Kings of Leon] Kings of Leon is an American rock band that formed in Nashville, Tennessee, in 1999.  The band is composed of brothers Caleb Followill (b. January 14, 1982, lead vocals, rhythm guitar), Nathan Followill (b. June 26, 1979, drums, percussion, backing vocals) and Jared Followill (b. November 20, 1986, bass guitar, backing vocals), with their cousin Matthew Followill (b. September 10, 1984, lead guitar, backing vocals).

[The New Pornographers] The New Pornographers is a Canadian indie rock band formed in 1997 in Vancouver, British Columbia.  Presented as a musical collective of singer-songwriters and musicians from multiple projects, the band has released seven studio albums to critical acclaim for their use of multiple vocalists and elements of power pop incorporated into their music.",Do both The New Pornographers and Kings of Leon hail from the United States?,ar both the new pornographers and kings of leon american rock bands?
"750 7th Avenue and 101 Park Avenue, are located in which city?",New York City,"[101 Park Avenue] 101 Park Avenue is a 629 ft tall skyscraper in New York City, New York.  It was completed in 1979 to 1982 and has 49 floors.  Eli Attia Architects designed the building, which is the 64th tallest in New York.

[750 7th Avenue] 750 Seventh Avenue is a 615 ft (187m) tall Class-A office skyscraper in New York City.  It was completed in 1989 in the postmodern style and has 36 floors.  Kevin Roche John Dinkeloo & Associates designed the building, and it is owned by Hines, a Texas based real estate investment company.  The building's continuous helix design, culminating in a chimney-like extension, was caused by the New York City Building Code, which requires setbacks.  The 84 exterior column transfers exist because of the owner's requirement for a column-free space.  It is tied with the New York Life Building for the 74th tallest building in New York City.  It is also LEED certified.",What city is home to 750 7th Avenue and 101 Park Avenue?,"750 7th avenue and 101 park avenue, r they located in whch city?"
